scenario,mode,n,pbs_mean,pbs_ci95,evr_mean,evr_ci95,collision_rate,travel_time_s_mean,travel_time_s_ci95,avg_speed_mean,stop_time_ratio_mean,min_stop_margin_m_mean
A1,camera_only,40,1.6034631734997458,0.004164961699012516,,,,14.455908881293723,0.25729631675481873,3.3229980035757585,,
A1,multimodal_permissive,40,2.001883010936176,0.36613633750981844,,,,14.296263780542768,0.2601026197173618,3.545675067121863,,
A1,mitigation,40,1.2195589583174198,0.33117101591975723,,,,7.94,0.13012147768685958,7.945071409440763,,
A2,camera_only,40,,,1.0,0.0,1.0,6.1075,0.2187620008528311,4.868760996244674,0.0,0.0
A2,multimodal_permissive,40,,,0.9423119367120701,0.005887751410082395,1.0,6.1075,0.2187620008528311,4.868760996244674,0.0,0.0
A2,mitigation,40,,,0.09783393291768672,0.013160731635901212,0.0,19.8875,0.5471334839852439,1.4402827138418437,0.666267574101191,1.5066747226560386
